Ping,IP,Hostname,Ports,MAC Address
19 ms,192.168.2.1,[n/a],80.443,E8:65:49:5B:B1:F4
15 ms,192.168.2.2,B0503A0097,[n/a],00:01:29:15:E5:92
8 ms,192.168.2.3,HP7DA95F.Dutro.local,80.443.8080,EC:B1:D7:CC:BD:34
[n/a],192.168.2.4,[n/s],[n/s],[n/s]
3 ms,192.168.2.5,[n/a],80,00:1F:54:40:F9:55
4 ms,192.168.2.6,p800104964BBA5.Dutro.local,[n/a],00:10:49:64:BB:A5
1 ms,192.168.2.7,[n/a],80,00:1F:54:3D:02:10
[n/a],192.168.2.8,[n/s],[n/s],[n/s]
[n/a],192.168.2.9,[n/s],[n/s],[n/s]
5 ms,192.168.2.10,rd2810019611013.Dutro.local,80.443,00:0F:10:00:95:33
1 ms,192.168.2.11,[n/a],80,00:1F:54:3D:04:67
1 ms,192.168.2.12,Saruman.Dutro.local,80.443,F2:4A:32:91:2D:0C
3 ms,192.168.2.13,p800104941A36F.Dutro.local,[n/a],00:10:49:41:A3:6F
2 ms,192.168.2.14,ESP-5EA9F1.Dutro.local,[n/a],84:F3:EB:5E:A9:F1
1 ms,192.168.2.15,[n/a],80,00:1F:54:40:F8:51
1 ms,192.168.2.16,[n/a],80,00:1F:54:40:F8:2C
3 ms,192.168.2.17,[n/a],80,00:1F:54:40:F8:D3
1 ms,192.168.2.18,p800104941A587.Dutro.local,[n/a],00:10:49:41:A5:87
2 ms,192.168.2.19,p800104941A6A2.Dutro.local,[n/a],00:10:49:41:A6:A2
4 ms,192.168.2.20,p800104941A600.Dutro.local,[n/a],00:10:49:41:A6:00
1 ms,192.168.2.21,p800104941A584.Dutro.local,[n/a],00:10:49:41:A5:84
[n/a],192.168.2.22,[n/s],[n/s],[n/s]
1 ms,192.168.2.23,iDRAC4Sn.Dutro.local,80.443,50:9A:4C:A1:C8:F7
1319 ms,192.168.2.24,[n/a],[n/a],[n/a]
[n/a],192.168.2.25,[n/s],[n/s],[n/s]
2 ms,192.168.2.26,BARCODE-802.Dutro.local,[n/a],78:45:C4:38:91:4F
1 ms,192.168.2.27,Mordor.Dutro.local,443,56:44:75:E2:57:3F
1 ms,192.168.2.28,BARCODE-803.Dutro.local,[n/a],78:45:C4:35:0F:B6
[n/a],192.168.2.29,[n/s],[n/s],[n/s]
[n/a],192.168.2.30,[n/s],[n/s],[n/s]
119 ms,192.168.2.31,Johan-s-Pretzel-Machine.Dutro.local,[n/a],F6:73:71:70:77:B1
2 ms,192.168.2.32,BARCODE-804.Dutro.local,[n/a],78:45:C4:3A:75:1C
[n/a],192.168.2.33,[n/s],[n/s],[n/s]
[n/a],192.168.2.34,[n/s],[n/s],[n/s]
[n/a],192.168.2.35,[n/s],[n/s],[n/s]
[n/a],192.168.2.36,[n/s],[n/s],[n/s]
[n/a],192.168.2.37,[n/s],[n/s],[n/s]
1 ms,192.168.2.38,IT-801.Dutro.local,[n/a],24:BE:05:09:96:78
3 ms,192.168.2.39,p8001049419C73.Dutro.local,[n/a],00:10:49:41:9C:73
[n/a],192.168.2.40,[n/s],[n/s],[n/s]
[n/a],192.168.2.41,[n/s],[n/s],[n/s]
1 ms,192.168.2.42,R6700v3.Dutro.local,80.443,6C:CD:D6:0D:C1:46
1 ms,192.168.2.43,idrac-3SSDCS2.Dutro.local,80.443,50:9A:4C:A1:CF:4F
1 ms,192.168.2.44,DTC-ENG-03.Dutro.local,[n/a],64:00:6A:53:D9:DB
[n/a],192.168.2.45,[n/s],[n/s],[n/s]
[n/a],192.168.2.46,[n/s],[n/s],[n/s]
[n/a],192.168.2.47,[n/s],[n/s],[n/s]
2 ms,192.168.2.48,DTC-ENG-01.Dutro.local,[n/a],00:25:22:9F:9B:59
[n/a],192.168.2.49,[n/s],[n/s],[n/s]
[n/a],192.168.2.50,[n/s],[n/s],[n/s]
[n/a],192.168.2.51,[n/s],[n/s],[n/s]
4 ms,192.168.2.52,DTC-816.Dutro.local,[n/a],E0:4F:43:5D:9B:22
[n/a],192.168.2.53,[n/s],[n/s],[n/s]
1 ms,192.168.2.54,DTC-809.Dutro.local,[n/a],B0:83:FE:7A:FB:7F
121 ms,192.168.2.55,Sensi-0C7D89.Dutro.local,80,34:6F:92:0C:7D:89
4 ms,192.168.2.56,p800104941A3FC.Dutro.local,[n/a],00:10:49:41:A3:FC
[n/a],192.168.2.57,[n/s],[n/s],[n/s]
[n/a],192.168.2.58,[n/s],[n/s],[n/s]
[n/a],192.168.2.59,[n/s],[n/s],[n/s]
[n/a],192.168.2.60,[n/s],[n/s],[n/s]
[n/a],192.168.2.61,[n/s],[n/s],[n/s]
2 ms,192.168.2.62,[n/a],80,00:1F:54:3C:FF:77
1 ms,192.168.2.63,Archer_A6.Dutro.local,[n/a],60:32:B1:30:B5:82
3 ms,192.168.2.64,Wades-Laptop.Dutro.local,[n/a],9C:EB:E8:B7:A2:63
[n/a],192.168.2.65,[n/s],[n/s],[n/s]
[n/a],192.168.2.66,[n/s],[n/s],[n/s]
[n/a],192.168.2.67,[n/s],[n/s],[n/s]
[n/a],192.168.2.68,[n/s],[n/s],[n/s]
1 ms,192.168.2.69,DutroDatto2.Dutro.local,80.443,54:B2:03:70:25:2A
[n/a],192.168.2.70,[n/s],[n/s],[n/s]
[n/a],192.168.2.71,[n/s],[n/s],[n/s]
[n/a],192.168.2.72,[n/s],[n/s],[n/s]
[n/a],192.168.2.73,[n/s],[n/s],[n/s]
[n/a],192.168.2.74,[n/s],[n/s],[n/s]
[n/a],192.168.2.75,[n/s],[n/s],[n/s]
[n/a],192.168.2.76,[n/s],[n/s],[n/s]
[n/a],192.168.2.77,[n/s],[n/s],[n/s]
[n/a],192.168.2.78,[n/s],[n/s],[n/s]
[n/a],192.168.2.79,[n/s],[n/s],[n/s]
[n/a],192.168.2.80,[n/s],[n/s],[n/s]
1 ms,192.168.2.81,Admin-IT-01.Dutro.local,[n/a],6C:0B:84:09:79:20
[n/a],192.168.2.82,[n/s],[n/s],[n/s]
[n/a],192.168.2.83,[n/s],[n/s],[n/s]
[n/a],192.168.2.84,[n/s],[n/s],[n/s]
[n/a],192.168.2.85,[n/s],[n/s],[n/s]
[n/a],192.168.2.86,[n/s],[n/s],[n/s]
[n/a],192.168.2.87,[n/s],[n/s],[n/s]
[n/a],192.168.2.88,[n/s],[n/s],[n/s]
6 ms,192.168.2.89,p800104941A586.Dutro.local,[n/a],00:10:49:41:A5:86
[n/a],192.168.2.90,[n/s],[n/s],[n/s]
3 ms,192.168.2.91,BARCODE-809.Dutro.local,[n/a],78:2B:CB:AE:F6:ED
2 ms,192.168.2.92,HP0447C1.Dutro.local,80.443.8080,30:24:A9:04:47:C1
[n/a],192.168.2.93,[n/s],[n/s],[n/s]
[n/a],192.168.2.94,[n/s],[n/s],[n/s]
[n/a],192.168.2.95,[n/s],[n/s],[n/s]
[n/a],192.168.2.96,[n/s],[n/s],[n/s]
[n/a],192.168.2.97,[n/s],[n/s],[n/s]
[n/a],192.168.2.98,[n/s],[n/s],[n/s]
[n/a],192.168.2.99,[n/s],[n/s],[n/s]
1 ms,192.168.2.100,ND021908031104.local,80,00:1F:54:3D:03:97
[n/a],192.168.2.101,[n/s],[n/s],[n/s]
[n/a],192.168.2.102,[n/s],[n/s],[n/s]
1 ms,192.168.2.103,BARCODE-805.Dutro.local,[n/a],B0:83:FE:7B:01:B8
[n/a],192.168.2.104,[n/s],[n/s],[n/s]
1 ms,192.168.2.105,DTC-804.Dutro.local,[n/a],A0:B3:CC:FF:0D:AA
[n/a],192.168.2.106,[n/s],[n/s],[n/s]
4 ms,192.168.2.107,DTC-807.Dutro.local,[n/a],B0:83:FE:7A:A1:8D
[n/a],192.168.2.108,[n/s],[n/s],[n/s]
4 ms,192.168.2.109,N881A6.Dutro.local,80,00:1F:54:42:42:DF
[n/a],192.168.2.110,[n/s],[n/s],[n/s]
1 ms,192.168.2.111,[n/a],80.443,D0:50:99:C2:B1:AA
[n/a],192.168.2.112,[n/s],[n/s],[n/s]
[n/a],192.168.2.113,[n/s],[n/s],[n/s]
[n/a],192.168.2.114,[n/s],[n/s],[n/s]
[n/a],192.168.2.115,[n/s],[n/s],[n/s]
[n/a],192.168.2.116,[n/s],[n/s],[n/s]
[n/a],192.168.2.117,[n/s],[n/s],[n/s]
[n/a],192.168.2.118,[n/s],[n/s],[n/s]
2 ms,192.168.2.119,ND021911019795.local,80,00:1F:54:41:C8:96
[n/a],192.168.2.120,[n/s],[n/s],[n/s]
[n/a],192.168.2.121,[n/s],[n/s],[n/s]
[n/a],192.168.2.122,[n/s],[n/s],[n/s]
[n/a],192.168.2.123,[n/s],[n/s],[n/s]
[n/a],192.168.2.124,[n/s],[n/s],[n/s]
1 ms,192.168.2.125,SC02C86B.Dutro.local,80.443,F0:9F:FC:02:C8:6B
[n/a],192.168.2.126,[n/s],[n/s],[n/s]
[n/a],192.168.2.127,[n/s],[n/s],[n/s]
[n/a],192.168.2.128,[n/s],[n/s],[n/s]
[n/a],192.168.2.129,[n/s],[n/s],[n/s]
[n/a],192.168.2.130,[n/s],[n/s],[n/s]
2 ms,192.168.2.131,IT-888.Dutro.local,[n/a],E0:D5:5E:E4:03:7F
2 ms,192.168.2.132,[n/a],80,F0:9F:FC:71:70:6F
2 ms,192.168.2.133,[n/a],80,9C:C7:D1:C3:9D:9D
1 ms,192.168.2.134,NPI615EA4,80.443.8080,A0:8C:FD:61:5E:A4
[n/a],192.168.2.135,[n/s],[n/s],[n/s]
[n/a],192.168.2.136,[n/s],[n/s],[n/s]
[n/a],192.168.2.137,[n/s],[n/s],[n/s]
[n/a],192.168.2.138,[n/s],[n/s],[n/s]
[n/a],192.168.2.139,[n/s],[n/s],[n/s]
[n/a],192.168.2.140,[n/s],[n/s],[n/s]
[n/a],192.168.2.141,[n/s],[n/s],[n/s]
31 ms,192.168.2.142,[n/a],80.443,C8:00:84:8B:B0:18
7 ms,192.168.2.143,switch8e7576.Dutro.local,80.443,C8:00:84:8E:75:76
11 ms,192.168.2.144,switch7e5b4d.Dutro.local,80.443,B0:7D:47:7E:5B:4D
1 ms,192.168.2.145,[n/a],80,D0:67:E5:A1:01:28
[n/a],192.168.2.146,[n/s],[n/s],[n/s]
[n/a],192.168.2.147,[n/s],[n/s],[n/s]
[n/a],192.168.2.148,[n/s],[n/s],[n/s]
[n/a],192.168.2.149,[n/s],[n/s],[n/s]
1 ms,192.168.2.150,[n/a],80.443,18:B1:69:C7:33:E0
[n/a],192.168.2.151,[n/s],[n/s],[n/s]
[n/a],192.168.2.152,[n/s],[n/s],[n/s]
[n/a],192.168.2.153,[n/s],[n/s],[n/s]
[n/a],192.168.2.154,[n/s],[n/s],[n/s]
[n/a],192.168.2.155,[n/s],[n/s],[n/s]
[n/a],192.168.2.156,[n/s],[n/s],[n/s]
[n/a],192.168.2.157,[n/s],[n/s],[n/s]
[n/a],192.168.2.158,[n/s],[n/s],[n/s]
[n/a],192.168.2.159,[n/s],[n/s],[n/s]
[n/a],192.168.2.160,[n/s],[n/s],[n/s]
[n/a],192.168.2.161,[n/s],[n/s],[n/s]
[n/a],192.168.2.162,[n/s],[n/s],[n/s]
[n/a],192.168.2.163,[n/s],[n/s],[n/s]
[n/a],192.168.2.164,[n/s],[n/s],[n/s]
[n/a],192.168.2.165,[n/s],[n/s],[n/s]
[n/a],192.168.2.166,[n/s],[n/s],[n/s]
[n/a],192.168.2.167,[n/s],[n/s],[n/s]
3 ms,192.168.2.168,p800104941A3FB.Dutro.local,[n/a],00:10:49:41:A3:FB
[n/a],192.168.2.169,[n/s],[n/s],[n/s]
3 ms,192.168.2.170,p800104941A580.Dutro.local,[n/a],00:10:49:41:A5:80
1 ms,192.168.2.171,p800104941A410.Dutro.local,[n/a],00:10:49:41:A4:10
[n/a],192.168.2.172,[n/s],[n/s],[n/s]
[n/a],192.168.2.173,[n/s],[n/s],[n/s]
2 ms,192.168.2.174,p800104941A431.Dutro.local,[n/a],00:10:49:41:A4:31
3 ms,192.168.2.175,p800104941A571.Dutro.local,[n/a],00:10:49:41:A5:71
5 ms,192.168.2.176,p800104941A545.Dutro.local,[n/a],00:10:49:41:A5:45
4 ms,192.168.2.177,p800104941A567.Dutro.local,[n/a],00:10:49:41:A5:67
[n/a],192.168.2.178,[n/s],[n/s],[n/s]
[n/a],192.168.2.179,[n/s],[n/s],[n/s]
[n/a],192.168.2.180,[n/s],[n/s],[n/s]
[n/a],192.168.2.181,[n/s],[n/s],[n/s]
[n/a],192.168.2.182,[n/s],[n/s],[n/s]
[n/a],192.168.2.183,[n/s],[n/s],[n/s]
[n/a],192.168.2.184,[n/s],[n/s],[n/s]
[n/a],192.168.2.185,[n/s],[n/s],[n/s]
[n/a],192.168.2.186,[n/s],[n/s],[n/s]
[n/a],192.168.2.187,[n/s],[n/s],[n/s]
[n/a],192.168.2.188,[n/s],[n/s],[n/s]
[n/a],192.168.2.189,[n/s],[n/s],[n/s]
2 ms,192.168.2.190,BARCODE-808.Dutro.local,[n/a],78:45:C4:38:0D:9E
[n/a],192.168.2.191,[n/s],[n/s],[n/s]
[n/a],192.168.2.192,[n/s],[n/s],[n/s]
[n/a],192.168.2.193,[n/s],[n/s],[n/s]
[n/a],192.168.2.194,[n/s],[n/s],[n/s]
[n/a],192.168.2.195,[n/s],[n/s],[n/s]
[n/a],192.168.2.196,[n/s],[n/s],[n/s]
[n/a],192.168.2.197,[n/s],[n/s],[n/s]
[n/a],192.168.2.198,[n/s],[n/s],[n/s]
1 ms,192.168.2.199,DTC-803.Dutro.local,[n/a],B0:83:FE:7B:88:D3
[n/a],192.168.2.200,[n/s],[n/s],[n/s]
[n/a],192.168.2.201,[n/s],[n/s],[n/s]
[n/a],192.168.2.202,[n/s],[n/s],[n/s]
[n/a],192.168.2.203,[n/s],[n/s],[n/s]
1 ms,192.168.2.204,BARCODE-800.Dutro.local,[n/a],78:45:C4:38:03:B7
[n/a],192.168.2.205,[n/s],[n/s],[n/s]
[n/a],192.168.2.206,[n/s],[n/s],[n/s]
[n/a],192.168.2.207,[n/s],[n/s],[n/s]
[n/a],192.168.2.208,[n/s],[n/s],[n/s]
4 ms,192.168.2.209,DTC-808.Dutro.local,[n/a],B0:83:FE:79:D4:27
[n/a],192.168.2.210,[n/s],[n/s],[n/s]
[n/a],192.168.2.211,[n/s],[n/s],[n/s]
[n/a],192.168.2.212,[n/s],[n/s],[n/s]
2 ms,192.168.2.213,DTC-810.Dutro.local,[n/a],94:C6:91:96:D7:41
[n/a],192.168.2.214,[n/s],[n/s],[n/s]
2 ms,192.168.2.215,[n/a],80,00:1F:54:41:E8:B9
3 ms,192.168.2.216,DTC-805.Dutro.local,[n/a],B0:83:FE:7B:00:0D
[n/a],192.168.2.217,[n/s],[n/s],[n/s]
[n/a],192.168.2.218,[n/s],[n/s],[n/s]
3 ms,192.168.2.219,p80010493E8286.Dutro.local,[n/a],00:10:49:3E:82:86
[n/a],192.168.2.220,[n/s],[n/s],[n/s]
[n/a],192.168.2.221,[n/s],[n/s],[n/s]
[n/a],192.168.2.222,[n/s],[n/s],[n/s]
2 ms,192.168.2.223,ND011910051514.local,80,00:1F:54:40:F8:95
[n/a],192.168.2.224,[n/s],[n/s],[n/s]
4 ms,192.168.2.225,DTC-811.Dutro.local,[n/a],B0:83:FE:70:A9:6A
5 ms,192.168.2.226,E581CBB.Dutro.local,80,00:1F:54:40:F9:50
2 ms,192.168.2.227,p800104941A558.Dutro.local,[n/a],00:10:49:41:A5:58
[n/a],192.168.2.228,[n/s],[n/s],[n/s]
2 ms,192.168.2.229,ND011910051421.local,80,00:1F:54:40:F8:38
1 ms,192.168.2.230,ND021908020296.local,80,00:1F:54:3C:A6:42
[n/a],192.168.2.231,[n/s],[n/s],[n/s]
[n/a],192.168.2.232,[n/s],[n/s],[n/s]
2 ms,192.168.2.233,ND011910051522.local,80,00:1F:54:40:F8:9D
[n/a],192.168.2.234,[n/s],[n/s],[n/s]
[n/a],192.168.2.235,[n/s],[n/s],[n/s]
5 ms,192.168.2.236,p800104941A582.Dutro.local,[n/a],00:10:49:41:A5:82
[n/a],192.168.2.237,[n/s],[n/s],[n/s]
[n/a],192.168.2.238,[n/s],[n/s],[n/s]
2 ms,192.168.2.239,ND011910051529.local,80,00:1F:54:40:F8:A4
1 ms,192.168.2.240,ND011910051524.local,80,00:1F:54:40:F8:9F
2 ms,192.168.2.241,ND021908020281.local,80,00:1F:54:3C:A6:33
3 ms,192.168.2.242,ND011910051518.local,80,00:1F:54:40:F8:99
[n/a],192.168.2.243,[n/s],[n/s],[n/s]
[n/a],192.168.2.244,[n/s],[n/s],[n/s]
122 ms,192.168.2.245,[n/a],80,28:84:FA:19:7E:9C
[n/a],192.168.2.246,[n/s],[n/s],[n/s]
[n/a],192.168.2.247,[n/s],[n/s],[n/s]
2 ms,192.168.2.248,BARCODE-806.Dutro.local,[n/a],78:45:C4:38:0C:B9
[n/a],192.168.2.249,[n/s],[n/s],[n/s]
[n/a],192.168.2.250,[n/s],[n/s],[n/s]
[n/a],192.168.2.251,[n/s],[n/s],[n/s]
[n/a],192.168.2.252,[n/s],[n/s],[n/s]
[n/a],192.168.2.253,[n/s],[n/s],[n/s]
[n/a],192.168.2.254,[n/s],[n/s],[n/s]
